metric,value
IC_mean,-0.016092115500713752
IC_std,0.46775426842495976
IR,-0.0344029260382802
LS_mean,0.00013736947591735777
LS_std,0.17245750273362362
SR_monthly,0.0007965410245417822
SR_annual,0.0027592990496386697
